<?xml version="1.0" encoding="UTF-8"?>
<project name="modeler" default="main" xmlns:zzz="eclipse.org/gmf/2008/xpand">
	
	<target name="main">
		<mkdir dir="../out"/> <!-- assumes basedir is /workflows directory -->
		<zzz:template name="mindmap2csv::Main" 
			inputURI="platform:/resource/org.eclipse.amalgam.examples.dsl.mindmap/model/Mindmap.xmi#/" 
			templateroot="platform:/resource/org.eclipse.amalgam.examples.dsl.mindmap/templates-deploy/"
			outfile="platform:/resource/org.eclipse.amalgam.examples.dsl.mindmap/out/mindmap.csv"/>
		<eclipse.refreshLocal resource="org.eclipse.amalgam.examples.dsl.mindmap" depth="infinite"/>
	</target>
	
	<!-- alternatives
	<zzz:template name="mindmap2csv::Main" 
		inputURI="platform:/resource/org.eclipse.amalgam.examples.dsl.mindmap/model/Mindmap.xmi#/" 
		templateroot="platform:/resource/org.eclipse.amalgam.examples.dsl.mindmap/templates-deploy/"
		outfile="../out/mindmap.csv">
		<metamodel nsUri="http://www.eclipse.org/2008/mindmap" location="platform:/resource/org.eclipse.amalgam.examples.dsl.mindmap/model/mindmap.ecore"/>
	</zzz:template>
	
	<zzz:template ..>
		<metamodelregistry>
			<metamodel nsUri="http://www.eclipse.org/2008/mindmap" location="platform:/resource/org.eclipse.amalgam.examples.dsl.mindmap/model/mindmap.ecore"/>
		</metamodelregistry>
	</zzz:template ..>
	<zzz:template ..>
		<metamodelregistry refid="myID"/>
	</zzz:template ..>

	<zzz:metamodelregistry id="myID">
		<metamodel nsUri="http://www.eclipse.org/2008/mindmap" location="platform:/resource/org.eclipse.amalgam.examples.dsl.mindmap/model/mindmap.ecore"/>
	</zzz:metamodelregistry> -->

</project>